{
  "loss": 0.11977031826972961,
  "perplexity": 1.1272379159927368,
  "accuracy": 93.07616221562809,
  "correct": 941,
  "total": 1011,
  "valid_rate": 100.0
}