{
  "loss": 1.8264203071594238,
  "perplexity": 6.211611270904541,
  "accuracy": 76.75568743818002,
  "correct": 776,
  "total": 1011,
  "valid_rate": 100.0
}