{
  "loss": 0.11439050734043121,
  "perplexity": 1.121189832687378,
  "accuracy": 93.47181008902076,
  "correct": 945,
  "total": 1011,
  "valid_rate": 100.0
}