{
  "loss": 0.11444789171218872,
  "perplexity": 1.1212542057037354,
  "accuracy": 93.3728981206726,
  "correct": 944,
  "total": 1011,
  "valid_rate": 100.0
}